<?xml version="1.0" encoding="UTF-8"?>
<con:soapui-project id="e650a7b0-db2a-42c1-a0f5-51555f67dabf" created="3.9.1" activeEnvironment="Default environment" name="WeatherTE_Jenkins" updated="3.9.2 2021-08-19T13:45:33Z" resourceRoot="${projectDir}" encryptionMode="Not encrypted" defaultScriptLanguage="Groovy" xmlns:con="http://eviware.com/soapui/config">
  <con:settings>
    <con:setting id="e650a7b0-db2a-42c1-a0f5-51555f67dabffileName">WeatherTE-Jenkins-readyapi-project</con:setting>
  </con:settings>
  <con:savedRecentRuns>1</con:savedRecentRuns>
  <con:properties/>
  <con:wssContainer/>
  <con:databaseConnectionContainer/>
  <con:jmsConnectionContainer/>
  <con:oAuth2ProfileContainer/>
  <con:oAuth1ProfileContainer/>
  <con:reporting>
    <con:xmlTemplates xsi:nil="true" xmlns:xsi="http://www.w3.org/2001/XMLSchema-instance"/>
    <con:xmlTemplates/>
    <con:parameters/>
    <con:parameters/>
  </con:reporting>
  <con:eventHandlers type="RequestFilter.filterRequest" name="RequestFilter.filterRequest">
    <con:script>// Sample event script to add custom HTTP header to all outgoing REST, SOAP and HTTP(S) calls
// This code is often used for adding custom authentication to ReadyAPI functional tests

// If hardcoding the token, uncomment and change line 5
// token = '4567'

// If your token is parameterized in Project level custom property, uncomment line 8
// token = request.parent.testCase.testSuite.project.getProperty('auth_token').getValue()

// To modify all outgoing calls, remove comments from lines 11 to 16
// headers = request.requestHeaders
// if (headers.containsKey('auth_token2') == false) {
//   headers.put('auth_token2', token)
//   request.requestHeaders = headers
// }</con:script>
  </con:eventHandlers>
  <con:eventHandlers type="TestRunListener.afterStep" name="TestRunListener.afterStep">
    <con:script>// Save all test step results into files
// Change the directory path in line 5 to a location where you want to store details
// then uncomment lines 5 to 10

// filePath = 'C:\\tempOutputDirectory\\'
// fos = new java.io.FileOutputStream(filePath + testStepResult.testStep.label + '.txt', true)
// pw = new java.io.PrintWriter(fos)
// testStepResult.writeTo(pw)
// pw.close()
// fos.close()</con:script>
  </con:eventHandlers>
  <con:authRepository/>
  <con:tags/>
  <con:interface xsi:type="con:RestService" id="317f4164-668e-46d8-affd-98c3719d751d" name="WeatherAPI 2" type="rest_ex" wadlVersion="https://swagger.io/openapiv3/specification" xmlns:xsi="http://www.w3.org/2001/XMLSchema-instance">
    <con:settings>
      <con:setting id="652ccd95-70c2-4c0b-be9f-bec97868d65dfileName">WeatherAPI</con:setting>
      <con:setting id="317f4164-668e-46d8-affd-98c3719d751dfileName">WeatherAPI-2</con:setting>
    </con:settings>
    <con:definitionCache type="TEXT" rootPart="WeatherAPI.json">
      <con:part>
        <con:url>WeatherAPI.json</con:url>
        <con:content>{"openapi":"3.0.1","info":{"title":"WeatherAPI","version":"1.0.0"},"servers":[{"url":"/"}],"paths":{"/data/2.5/weather":{"description":"","get":{"description":"","parameters":[{"name":"appid","in":"query","required":true,"schema":{"type":"string"}},{"name":"q","in":"query","required":true,"schema":{"type":"string"}}],"responses":{"default":{"description":"Default response"}}}}}}</con:content>
        <con:type>https://swagger.io/openapiv3/specification</con:type>
      </con:part>
    </con:definitionCache>
    <con:endpoints>
      <con:endpoint>http://api.openweathermap.org</con:endpoint>
    </con:endpoints>
    <con:resource name="weather" path="/data/2.5/weather" id="f3f87ea4-c46c-4001-b91c-d64e351d9ee3">
      <con:settings>
        <con:setting id="b1879c94-ebd2-480e-9937-923e91c7ea87fileName">weather</con:setting>
        <con:setting id="f3f87ea4-c46c-4001-b91c-d64e351d9ee3fileName">weather</con:setting>
      </con:settings>
      <con:parameters/>
      <con:method name="Method 2" id="270c1a1b-4c38-45bf-b32c-a8f72fd00200" method="GET">
        <con:settings/>
        <con:parameters>
          <con:parameter required="true">
            <con:name>appid</con:name>
            <con:value/>
            <con:style>QUERY</con:style>
            <con:default/>
          </con:parameter>
          <con:parameter required="true">
            <con:name>q</con:name>
            <con:value/>
            <con:style>QUERY</con:style>
            <con:default/>
          </con:parameter>
        </con:parameters>
        <con:request name="Request 1" id="1546ca89-5592-4b24-bc59-d54b308c5e0b" mediaType="application/json">
          <con:settings>
            <con:setting id="com.eviware.soapui.impl.wsdl.WsdlRequest@request-headers">&lt;entry key="New header" value="" xmlns="http://eviware.com/soapui/config"/></con:setting>
          </con:settings>
          <con:endpoint>http://api.openweathermap.org</con:endpoint>
          <con:request/>
          <con:originalUri>http://api.openweathermap.org/data/2.5/weather</con:originalUri>
          <con:credentials>
            <con:selectedAuthProfile>aaa</con:selectedAuthProfile>
            <con:addedBasicAuthenticationTypes>Basic</con:addedBasicAuthenticationTypes>
            <con:authType>No Authorization</con:authType>
          </con:credentials>
          <con:jmsConfig JMSDeliveryMode="PERSISTENT"/>
          <con:parameters>
            <con:entry key="appid" value="2288725f98e49f98c3c00044cc8d7618"/>
          </con:parameters>
          <con:parameterOrder>
            <con:entry>q</con:entry>
            <con:entry>appid</con:entry>
          </con:parameterOrder>
        </con:request>
      </con:method>
    </con:resource>
  </con:interface>
  <con:testSuite id="171ca439-218d-4759-a40a-e59385f03886" name="WeatherAPI Test Suite 1">
    <con:description>The test suite generated for the REST service [WeatherAPI]</con:description>
    <con:settings>
      <con:setting id="IncludeOverview">true</con:setting>
      <con:setting id="IncludeResults">true</con:setting>
      <con:setting id="FlowLayout">false</con:setting>
      <con:setting id="ErrorDetails">true</con:setting>
      <con:setting id="IncludeCoverage">true</con:setting>
      <con:setting id="GeneratableAllureReport@Folder">C:\Users\dhiraj.rajotia\OneDrive - SmartBear Software, Inc\Documents\Training\Allure Reports</con:setting>
      <con:setting id="af66fb06-d806-426f-8420-7014ec7e0d93fileName">WeatherAPI-Test-Suite-1</con:setting>
      <con:setting id="171ca439-218d-4759-a40a-e59385f03886fileName">WeatherAPI-Test-Suite-1</con:setting>
    </con:settings>
    <con:savedRecentRuns>1</con:savedRecentRuns>
    <con:runType>SEQUENTIAL</con:runType>
    <con:properties/>
    <con:reportParameters/>
    <con:testCase id="21f60845-ef57-48fa-9bac-cd2998a947cb" discardOkResults="false" failOnError="true" failTestCaseOnErrors="true" keepSession="false" name="weather Test Case" searchProperties="true" timeout="0">
      <con:description>The test case generated for the REST resource [weather] located at [/data/2.5/weather]</con:description>
      <con:settings>
        <con:setting id="IncludeOverview">true</con:setting>
        <con:setting id="IncludeResults">true</con:setting>
        <con:setting id="FlowLayout">false</con:setting>
        <con:setting id="ErrorDetails">true</con:setting>
        <con:setting id="IncludeCoverage">true</con:setting>
        <con:setting id="GeneratableAllureReport@Folder">C:\Users\dhiraj.rajotia\OneDrive - SmartBear Software, Inc\Documents\Training\ReadyAPIProject resources</con:setting>
        <con:setting id="4b260174-4333-4670-af3e-b7ed68d0f649fileName">weather-Test-Case</con:setting>
        <con:setting id="21f60845-ef57-48fa-9bac-cd2998a947cbfileName">weather-Test-Case</con:setting>
      </con:settings>
      <con:savedRecentRuns>1</con:savedRecentRuns>
      <con:testStep type="datasource" name="Data Source" id="a144ac18-7e8e-450a-8662-9844d9a12ae7">
        <con:settings/>
        <con:config xsi:type="con:DataSourceStep" xmlns:xsi="http://www.w3.org/2001/XMLSchema-instance">
          <con:dataSource type="Excel">
            <con:configuration>
              <file>Cities.xlsx</file>
              <worksheet>Sheet1</worksheet>
              <cell>A1</cell>
              <ignoreEmpty>false</ignoreEmpty>
              <evaluateFormulas>false</evaluateFormulas>
            </con:configuration>
          </con:dataSource>
          <con:shared>true</con:shared>
          <con:restartShared>true</con:restartShared>
          <con:property>q</con:property>
          <con:completeLastOperation>true</con:completeLastOperation>
          <con:restartOnRun>true</con:restartOnRun>
        </con:config>
      </con:testStep>
      <con:testStep type="restrequest" name="Request 1" id="365130bb-da5a-4cb6-a830-0e34e24549a7">
        <con:settings/>
        <con:config service="WeatherAPI 2" resourcePath="/data/2.5/weather" methodName="Method 2" xsi:type="con:RestRequestStep" xmlns:xsi="http://www.w3.org/2001/XMLSchema-instance">
          <con:restRequest name="Request 1" id="5e8a6ea0-c44b-4185-87f1-0ec928848fdf" mediaType="application/json">
            <con:settings>
              <con:setting id="com.eviware.soapui.impl.wsdl.WsdlRequest@request-headers">&lt;xml-fragment/></con:setting>
            </con:settings>
            <con:endpoint>http://api.openweathermap.org</con:endpoint>
            <con:request/>
            <con:originalUri>http://api.openweathermap.org/data/2.5/weather</con:originalUri>
            <con:assertion type="Valid HTTP Status Codes" id="9b0b08fc-04ff-43d0-b2a0-352e8f464250" name="Valid HTTP Status Codes">
              <con:settings/>
              <con:configuration>
                <codes>200</codes>
              </con:configuration>
            </con:assertion>
            <con:assertion type="JsonPath Existence Match" id="2048dfa9-9511-4219-bd38-673134f33a7a" name="Check for existence of [id]">
              <con:configuration>
                <path>$['weather'][0]['id']</path>
                <content>true</content>
                <allowWildcards>false</allowWildcards>
                <ignoreNamspaceDifferences>false</ignoreNamspaceDifferences>
                <ignoreComments>false</ignoreComments>
              </con:configuration>
            </con:assertion>
            <con:assertion type="Simple Contains" id="e41b0eac-fb63-4760-b7ec-62041a53a568" name="Contains">
              <con:configuration>
                <token>${Request 1#Response#$['weather'][0]['main']}</token>
                <ignoreCase>false</ignoreCase>
                <useRegEx>false</useRegEx>
              </con:configuration>
            </con:assertion>
            <con:credentials>
              <con:selectedAuthProfile>Inherit From Parent</con:selectedAuthProfile>
              <con:authType>No Authorization</con:authType>
            </con:credentials>
            <con:jmsConfig JMSDeliveryMode="PERSISTENT"/>
            <con:parameters>
              <con:entry key="q" value="${Data Source#q}"/>
              <con:entry key="appid" value="2288725f98e49f98c3c00044cc8d7618"/>
            </con:parameters>
            <con:parameterOrder>
              <con:entry>q</con:entry>
              <con:entry>appid</con:entry>
            </con:parameterOrder>
          </con:restRequest>
        </con:config>
      </con:testStep>
      <con:testStep type="datasourceloop" name="Data Source Loop" id="c87b7615-bfaf-4987-86f4-f156ce5ea57e">
        <con:settings/>
        <con:config>
          <dataSourceStep>Data Source</dataSourceStep>
          <targetStep>Request 1</targetStep>
          <discardResults>true</discardResults>
        </con:config>
      </con:testStep>
      <con:properties/>
      <con:reportParameters/>
      <con:breakPoints>
        <con:testStepId>33ae6303-47f3-4e17-a027-3116b14bf40f</con:testStepId>
        <con:status>NONE</con:status>
        <con:properties/>
      </con:breakPoints>
      <con:breakPoints>
        <con:testStepId>9ceaca1d-73b5-49f9-b171-95f69440bcc2</con:testStepId>
        <con:status>NONE</con:status>
        <con:properties/>
      </con:breakPoints>
      <con:breakPoints>
        <con:testStepId>b7935c37-d57b-464c-abdc-cce44d7882c8</con:testStepId>
        <con:status>NONE</con:status>
        <con:properties/>
      </con:breakPoints>
    </con:testCase>
  </con:testSuite>
</con:soapui-project>
